{"camera":{"Perspective":{"focal":1.0,"fov":80.0,"lens_radius":0.0,"res":[512,512],"transform":{"rotate":[0.0,0.0,0.0],"scale":[1.0,1.0,1.0],"translate":[0.0,0.0,0.0]}}},"lights":[],"named_bsdfs":{"BackGroundMat":{"Principled":{"anisotropic":{"Float":0.0},"anisotropic_rotation":{"Float":0.0},"clearcoat":{"Float":0.0},"clearcoat_roughness":{"Float":0.029999999329447746},"color":{"Srgb":[0.797737717628479,0.797737717628479,0.797737717628479]},"emission":{"Float":0.0},"hint":"ltc","ior":{"Float":1.4500000476837158},"metallic":{"Float":0.0},"roughness":{"Float":1.0},"sheen":{"Float":0.0},"sheen_tint":{"Float":0.5},"specular":{"Float":0.0},"specular_tint":{"Float":0.0},"subsurface":{"Float":0.0},"subsurface_color":{"Float":0.0},"subsurface_radius":{"Float3":[1.0,0.20000000298023224,0.10000000149011612]},"transmission":{"Float":0.0}}},"InnerMat":{"Principled":{"anisotropic":{"Float":0.0},"anisotropic_rotation":{"Float":0.0},"clearcoat":{"Float":0.0},"clearcoat_roughness":{"Float":0.029999999329447746},"color":{"Srgb":[0.48452919721603394,0.48452919721603394,0.48452919721603394]},"emission":{"Float":0.0},"hint":"ltc","ior":{"Float":1.4500000476837158},"metallic":{"Float":0.8333333134651184},"roughness":{"Float":0.4472135901451111},"sheen":{"Float":0.0},"sheen_tint":{"Float":0.5},"specular":{"Float":0.0},"specular_tint":{"Float":0.0},"subsurface":{"Float":0.0},"subsurface_color":{"Float":0.0},"subsurface_radius":{"Float3":[1.0,0.20000000298023224,0.10000000149011612]},"transmission":{"Float":0.0}}},"LTELogo":{"Principled":{"anisotropic":{"Float":0.0},"anisotropic_rotation":{"Float":0.0},"clearcoat":{"Float":0.0},"clearcoat_roughness":{"Float":0.029999999329447746},"color":{"Srgb":[0.5370987057685852,0.5370987057685852,0.5370987057685852]},"emission":{"Float":0.0},"hint":"ltc","ior":{"Float":1.4500000476837158},"metallic":{"Float":0.800000011920929},"roughness":{"Float":0.09950371831655502},"sheen":{"Float":0.0},"sheen_tint":{"Float":0.5},"specular":{"Float":0.0},"specular_tint":{"Float":0.0},"subsurface":{"Float":0.0},"subsurface_color":{"Float":0.0},"subsurface_radius":{"Float3":[1.0,0.20000000298023224,0.10000000149011612]},"transmission":{"Float":0.0}}},"Material":{"Principled":{"anisotropic":{"Float":0.0},"anisotropic_rotation":{"Float":0.0},"clearcoat":{"Float":0.0},"clearcoat_roughness":{"Float":0.029999999329447746},"color":{"Srgb":[0.9999999403953552,0.9999999403953552,0.9999999403953552]},"emission":{"Float":0.0},"hint":"ltc","ior":{"Float":1.4500000476837158},"metallic":{"Float":0.0},"roughness":{"Float":1.0},"sheen":{"Float":0.0},"sheen_tint":{"Float":0.5},"specular":{"Float":0.0},"specular_tint":{"Float":0.0},"subsurface":{"Float":0.0},"subsurface_color":{"Float":0.0},"subsurface_radius":{"Float3":[1.0,0.20000000298023224,0.10000000149011612]},"transmission":{"Float":0.0}}},"OuterMat":{"Principled":{"anisotropic":{"Float":0.0},"anisotropic_rotation":{"Float":0.0},"clearcoat":{"Float":0.0},"clearcoat_roughness":{"Float":0.029999999329447746},"color":{"Srgb":[0.3491901755332947,0.22091633081436157,0.09985282272100449]},"emission":{"Float":0.0},"hint":"ltc","ior":{"Float":1.4500000476837158},"metallic":{"Float":0.9090908765792847},"roughness":{"Float":0.40824830532073975},"sheen":{"Float":0.0},"sheen_tint":{"Float":0.5},"specular":{"Float":0.0},"specular_tint":{"Float":0.0},"subsurface":{"Float":0.0},"subsurface_color":{"Float":0.0},"subsurface_radius":{"Float3":[1.0,0.20000000298023224,0.10000000149011612]},"transmission":{"Float":0.0}}}},"shapes":[{"Mesh":["testObj_BackGroundMat_0.mesh",{"Named":"BackGroundMat"}]},{"Mesh":["testObj_InnerMat_1.mesh",{"Named":"InnerMat"}]},{"Mesh":["testObj_LTELogo_2.mesh",{"Named":"LTELogo"}]},{"Mesh":["testObj_Material_3.mesh",{"Named":"Material"}]},{"Mesh":["testObj_OuterMat_4.mesh",{"Named":"OuterMat"}]}]}