{
    "bsdfs": {
        "backWall": {
            "anisotropic": 0.0,
            "anisotropic_rotation": 0.0,
            "clearcoat": 0.0,
            "clearcoat_roughness": 0.029999999329447746,
            "color": {
                "type": "srgb",
                "values": [
                    0.8676987886428833,
                    0.8596959114074707,
                    0.8433891534805298
                ]
            },
            "emission": {
                "type": "linear",
                "values": [
                    0.0,
                    0.0,
                    0.0
                ]
            },
            "ior": 1.4500000476837158,
            "metallic": 0.0,
            "roughness": 0.40824830532073975,
            "sheen": 0.0,
            "sheen_tint": 0.5,
            "specular": 0.0,
            "specular_tint": 0.0,
            "subsurface": 0.0,
            "subsurface_color": {
                "type": "srgb",
                "values": [
                    0.0,
                    0.0,
                    0.0
                ]
            },
            "subsurface_ior": 1.4500000476837158,
            "subsurface_radius": {
                "type": "linear",
                "values": [
                    1.0,
                    0.20000000298023224,
                    0.10000000149011612
                ]
            },
            "transmission": 0.0,
            "type": "principled"
        },
        "ceiling": {
            "anisotropic": 0.0,
            "anisotropic_rotation": 0.0,
            "clearcoat": 0.0,
            "clearcoat_roughness": 0.029999999329447746,
            "color": {
                "type": "srgb",
                "values": [
                    0.8676987886428833,
                    0.8596959114074707,
                    0.8433891534805298
                ]
            },
            "emission": {
                "type": "linear",
                "values": [
                    0.0,
                    0.0,
                    0.0
                ]
            },
            "ior": 1.4500000476837158,
            "metallic": 0.0,
            "roughness": 0.40824830532073975,
            "sheen": 0.0,
            "sheen_tint": 0.5,
            "specular": 0.0,
            "specular_tint": 0.0,
            "subsurface": 0.0,
            "subsurface_color": {
                "type": "srgb",
                "values": [
                    0.0,
                    0.0,
                    0.0
                ]
            },
            "subsurface_ior": 1.4500000476837158,
            "subsurface_radius": {
                "type": "linear",
                "values": [
                    1.0,
                    0.20000000298023224,
                    0.10000000149011612
                ]
            },
            "transmission": 0.0,
            "type": "principled"
        },
        "floor": {
            "anisotropic": 0.0,
            "anisotropic_rotation": 0.0,
            "clearcoat": 0.0,
            "clearcoat_roughness": 0.029999999329447746,
            "color": {
                "type": "srgb",
                "values": [
                    0.8676987886428833,
                    0.8596959114074707,
                    0.8433891534805298
                ]
            },
            "emission": {
                "type": "linear",
                "values": [
                    0.0,
                    0.0,
                    0.0
                ]
            },
            "ior": 1.4500000476837158,
            "metallic": 0.0,
            "roughness": 0.40824830532073975,
            "sheen": 0.0,
            "sheen_tint": 0.5,
            "specular": 0.0,
            "specular_tint": 0.0,
            "subsurface": 0.0,
            "subsurface_color": {
                "type": "srgb",
                "values": [
                    0.0,
                    0.0,
                    0.0
                ]
            },
            "subsurface_ior": 1.4500000476837158,
            "subsurface_radius": {
                "type": "linear",
                "values": [
                    1.0,
                    0.20000000298023224,
                    0.10000000149011612
                ]
            },
            "transmission": 0.0,
            "type": "principled"
        },
        "leftWall": {
            "anisotropic": 0.0,
            "anisotropic_rotation": 0.0,
            "clearcoat": 0.0,
            "clearcoat_roughness": 0.029999999329447746,
            "color": {
                "type": "srgb",
                "values": [
                    0.8152506351470947,
                    0.2827792763710022,
                    0.24780049920082092
                ]
            },
            "emission": {
                "type": "linear",
                "values": [
                    0.0,
                    0.0,
                    0.0
                ]
            },
            "ior": 1.4500000476837158,
            "metallic": 0.0,
            "roughness": 0.40824830532073975,
            "sheen": 0.0,
            "sheen_tint": 0.5,
            "specular": 0.0,
            "specular_tint": 0.0,
            "subsurface": 0.0,
            "subsurface_color": {
                "type": "srgb",
                "values": [
                    0.0,
                    0.0,
                    0.0
                ]
            },
            "subsurface_ior": 1.4500000476837158,
            "subsurface_radius": {
                "type": "linear",
                "values": [
                    1.0,
                    0.20000000298023224,
                    0.10000000149011612
                ]
            },
            "transmission": 0.0,
            "type": "principled"
        },
        "light": {
            "anisotropic": 0.0,
            "anisotropic_rotation": 0.0,
            "clearcoat": 0.0,
            "clearcoat_roughness": 0.029999999329447746,
            "color": {
                "type": "srgb",
                "values": [
                    0.8962438106536865,
                    0.8962438106536865,
                    0.8962438106536865
                ]
            },
            "emission": {
                "type": "linear",
                "values": [
                    17.0,
                    12.0,
                    4.0
                ]
            },
            "ior": 1.4500000476837158,
            "metallic": 0.0,
            "roughness": 0.40824830532073975,
            "sheen": 0.0,
            "sheen_tint": 0.5,
            "specular": 0.0,
            "specular_tint": 0.0,
            "subsurface": 0.0,
            "subsurface_color": {
                "type": "srgb",
                "values": [
                    0.0,
                    0.0,
                    0.0
                ]
            },
            "subsurface_ior": 1.4500000476837158,
            "subsurface_radius": {
                "type": "linear",
                "values": [
                    1.0,
                    0.20000000298023224,
                    0.10000000149011612
                ]
            },
            "transmission": 0.0,
            "type": "principled"
        },
        "rightWall": {
            "anisotropic": 0.0,
            "anisotropic_rotation": 0.0,
            "clearcoat": 0.0,
            "clearcoat_roughness": 0.029999999329447746,
            "color": {
                "type": "srgb",
                "values": [
                    0.4100208580493927,
                    0.701410710811615,
                    0.33361509442329407
                ]
            },
            "emission": {
                "type": "linear",
                "values": [
                    0.0,
                    0.0,
                    0.0
                ]
            },
            "ior": 1.4500000476837158,
            "metallic": 0.0,
            "roughness": 0.40824830532073975,
            "sheen": 0.0,