{
    "named_bsdfs": {
        "shortBox": {
            "Principled": {
                "color": {
                    "Srgb": [
                        0.8676987886428833,
                        0.8596959114074707,
                        0.8433891534805298
                    ]
                },
                "subsurface": {
                    "Float": 0.0
                },
                "subsurface_radius": {
                    "Float3": [
                        1.0,
                        0.20000000298023224,
                        0.10000000149011612
                    ]
                },
                "subsurface_color": {
                    "Float": 0.0
                },
                "metallic": {
                    "Float": 0.0
                },
                "specular": {
                    "Float": 0.0
                },
                "specular_tint": {
                    "Float": 0.0
                },
                "roughness": {
                    "Float": 0.4000000059604645
                },
                "anisotropic": {
                    "Float": 0.0
                },
                "anisotropic_rotation": {
                    "Float": 0.0
                },
                "sheen": {
                    "Float": 0.0
                },
                "sheen_tint": {
                    "Float": 0.5
                },
                "clearcoat": {
                    "Float": 0.0
                },
                "clearcoat_roughness": {
                    "Float": 0.029999999329447746
                },
                "ior": {
                    "Float": 1.4500000476837158
                },
                "transmission": {
                    "Float": 0.0
                },
                "emission": {
                    "Float": 0.0
                },
                "hint": "ltc"
            }
        },
        "rightWall": {
            "Principled": {
                "color": {
                    "Srgb": [
                        0.4100208580493927,
                        0.701410710811615,
                        0.33361509442329407
                    ]
                },
                "subsurface": {
                    "Float": 0.0
                },
                "subsurface_radius": {
                    "Float3": [
                        1.0,
                        0.20000000298023224,
                        0.10000000149011612
                    ]
                },
                "subsurface_color": {
                    "Float": 0.0
                },
                "metallic": {
                    "Float": 0.0
                },
                "specular": {
                    "Float": 0.0
                },
                "specular_tint": {
                    "Float": 0.0
                },
                "roughness": {
                    "Float": 0.4000000059604645
                },
                "anisotropic": {
                    "Float": 0.0
                },
                "anisotropic_rotation": {
                    "Float": 0.0
                },
                "sheen": {
                    "Float": 0.0
                },
                "sheen_tint": {
                    "Float": 0.5
                },
                "clearcoat": {
                    "Float": 0.0
                },
                "clearcoat_roughness": {
                    "Float": 0.029999999329447746
                },
                "ior": {
                    "Float": 1.4500000476837158
                },
                "transmission": {
                    "Float": 0.0
                },
                "emission": {
                    "Float": 0.0
                },
                "hint": "ltc"
            }
        },
        "ceiling": {
            "Principled": {
                "color": {
                    "Srgb": [
                        0.8676987886428833,
                        0.8596959114074707,
                        0.8433891534805298
                    ]
                },
                "subsurface": {
                    "Float": 0.0
                },
                "subsurface_radius": {
                    "Float3": [
                        1.0,
                        0.20000000298023224,
                        0.10000000149011612
                    ]
                },
                "subsurface_color": {
                    "Float": 0.0
                },
                "metallic": {
                    "Float": 0.0
                },
                "specular": {
                    "Float": 0.0
                },
                "specular_tint": {
                    "Float": 0.0
                },
                "roughness": {
                    "Float": 0.4000000059604645
                },
                "anisotropic": {
                    "Float": 0.0
                },
                "anisotropic_rotation": {
                    "Float": 0.0
                },
                "sheen": {
                    "Float": 0.0
                },
                "sheen_tint": {
                    "Float": 0.5
                },
                "clearcoat": {
                    "Float": 0.0
                },
                "clearcoat_roughness": {
                    "Float": 0.029999999329447746
                },
                "ior": {
                    "Float": 1.4500000476837158
                },
                "transmission": {
                    "Float": 0.0
                },
                "emission": {
                    "Float": 0.0
                },
                "hint": "ltc"
            }
        },
        "floor": {
            "Principled": {
                "color": {
                    "Srgb": [
                        0.8676987886428833,
                        0.8596959114074707,
                        0.8433891534805298
                    ]
                },
                "subsurface": {
                    "Float": 0.0
                },
                "subsurface_radius": {
                    "Float3": [
                        1.0,
                        0.20000000298023224,
                        0.10000000149011612
                    ]
                },
                "subsurface_color": {
                    "Float": 0.0
                },
                "metallic": {
                    "Float": 0.0
                },
                "specular": {
                    "Float": 0.0
                },
                "specular_tint": {
                    "Float": 0.0
                },
                "roughness": {
                    "Float": 0.4000000059604645
                },
                "anisotropic": {
                    "Float": 0.0
                },
                "anisotropic_rotation": {
                    "Float": 0.0
                },
                "sheen": {
                    "Float": 0.0
                },
                "sheen_tint": {
                    "Float": 0.5
                },
                "clearcoat": {
                    "Float": 0.0
                },
                "clearcoat_roughness": {
                    "Float": 0.029999999329447746
                },
                "ior": {
                    "Float": 1.4500000476837158
                },
                "transmission": {
                    "Float": 0.0
                },
                "emission": {
                    "Float": 0.0
                },
                "hint": "ltc"
            }
        },
        "leftWall": {
            "Principled": {
                "color": {
                    "Srgb": [
                        0.8152506351470947,
                        0.2827792763710022,
                        0.24780049920082092
                    ]
                },
                "subsurface": {
                    "Float": 0.0
                },